{
  "hash": "1bfeb4ae",
  "configHash": "6d4c43e7",
  "lockfileHash": "58b8db18",
  "browserHash": "e0b78ab9",
  "optimized": {
    "@angular/common": {
      "src": "../../../../../../node_modules/@angular/common/fesm2022/common.mjs",
      "file": "@angular_common.js",
      "fileHash": "3dc294a7",
      "needsInterop": false
    },
    "@angular/common/http": {
      "src": "../../../../../../node_modules/@angular/common/fesm2022/http.mjs",
      "file": "@angular_common_http.js",
      "fileHash": "e511d1bc",
      "needsInterop": false
    },
    "@angular/core": {
      "src": "../../../../../../node_modules/@angular/core/fesm2022/core.mjs",
      "file": "@angular_core.js",
      "fileHash": "3b360f22",
      "needsInterop": false
    },
    "@angular/platform-browser": {
      "src": "../../../../../../node_modules/@angular/platform-browser/fesm2022/platform-browser.mjs",
      "file": "@angular_platform-browser.js",
      "fileHash": "004fb12b",
      "needsInterop": false
    },
    "@angular/router": {
      "src": "../../../../../../node_modules/@angular/router/fesm2022/router.mjs",
      "file": "@angular_router.js",
      "fileHash": "e8fe70df",
      "needsInterop": false
    },
    "chart.js/auto": {
      "src": "../../../../../../node_modules/chart.js/auto/auto.js",
      "file": "chart__js_auto.js",
      "fileHash": "7d7afad5",
      "needsInterop": false
    },
    "zone.js": {
      "src": "../../../../../../node_modules/zone.js/fesm2015/zone.js",
      "file": "zone__js.js",
      "fileHash": "8698938f",
      "needsInterop": true
    }
  },
  "chunks": {
    "chunk-67LVPK2U": {
      "file": "chunk-67LVPK2U.js"
    },
    "chunk-TJPP2J7W": {
      "file": "chunk-TJPP2J7W.js"
    },
    "chunk-D5NAXVVD": {
      "file": "chunk-D5NAXVVD.js"
    },
    "chunk-ZH6LALFQ": {
      "file": "chunk-ZH6LALFQ.js"
    },
    "chunk-NS2GU7DT": {
      "file": "chunk-NS2GU7DT.js"
    },
    "chunk-GOMI4DH3": {
      "file": "chunk-GOMI4DH3.js"
    }
  }
}